City_ID,City,Lat,Lng,Max Temp,Humidity,Cloudiness,Wind Speed,Country,Date
0,crane,31.3974,-102.3501,87.13,9,0,9.78,US,1683336435
1,udachny,66.4167,112.4,32.45,92,100,7.23,RU,1683336436
2,rosslau,51.8833,12.25,54.41,84,100,3.0,DE,1683336437
3,invercargill,-46.4,168.35,62.15,68,0,7.56,NZ,1683336230
4,bethel,41.3712,-73.414,53.94,84,40,3.44,US,1683336438
5,utrik,11.2278,169.8474,80.76,76,100,16.02,MH,1683336438
6,port-aux-francais,-49.35,70.2167,42.78,70,100,26.64,TF,1683336439
7,vorgashor,67.5833,63.95,13.95,97,98,1.32,RU,1683336440
8,barah,13.7,30.3667,82.11,9,14,5.41,SD,1683336440
9,luganville,-15.5333,167.1667,83.8,72,45,6.91,VU,1683336441
10,wailua homesteads,22.0669,-159.378,81.03,69,100,17.27,US,1683336441
11,yellowknife,62.456,-114.3525,57.72,47,75,11.5,CA,1683336296
12,ribeira grande,38.5167,-28.7,63.77,96,100,13.0,PT,1683336442
13,thompson,55.7435,-97.8558,59.16,41,20,5.75,CA,1683336381
14,tiksi,71.6872,128.8694,12.78,82,84,16.02,RU,1683336443
15,manaure,11.7751,-72.4445,82.89,69,4,15.82,CO,1683336444
16,susuman,62.7833,148.1667,31.17,65,28,4.47,RU,1683336445
17,kodiak,57.79,-152.4072,42.31,87,100,8.05,US,1683336445
18,anadyr,64.75,177.4833,27.1,80,100,2.24,RU,1683336446
19,blackmans bay,-43.0167,147.3167,50.74,61,7,4.85,AU,1683336447
20,merizo village,13.2658,144.6691,88.36,80,12,13.94,GU,1683336447
21,egilsstadir,65.2653,-14.3948,40.91,75,0,5.75,IS,1683336448
22,grytviken,-54.2811,-36.5092,36.72,91,100,12.48,GS,1683336448
23,togur,58.3631,82.8265,51.31,87,79,4.92,RU,1683336449
24,sitka,57.0531,-135.33,49.89,66,75,5.75,US,1683336450
25,iskateley,67.6803,53.1512,22.08,95,94,7.49,RU,1683336450
26,la mira,18.035,-102.3266,83.05,68,86,6.93,MX,1683336451
27,akureyri,65.6835,-18.0878,42.73,93,0,0.0,IS,1683336452
28,klyuchi,52.2667,79.1667,57.94,34,80,5.5,RU,1683336452
29,papatowai,-46.5619,169.4708,62.78,64,1,6.98,NZ,1683336453
30,olonkinbyen,70.9221,-8.7187,32.45,99,100,11.01,SJ,1683336454
31,margaret river,-33.95,115.0667,56.59,62,74,15.68,AU,1683336454
32,praia da vitoria,38.7333,-27.0667,70.05,78,75,7.56,PT,1683336454
33,hithadhoo,-0.6,73.0833,82.98,76,98,20.54,MV,1683336455
34,cururupu,-1.8283,-44.8683,75.78,97,31,3.47,BR,1683336456
35,bubaque,11.2833,-15.8333,79.63,87,87,12.8,GW,1683336456
36,chonchi,-42.6128,-73.8092,52.81,97,59,2.01,CL,1683336457
37,waitangi,-43.9535,-176.5597,61.83,85,100,11.01,NZ,1683336457
38,summerside,46.3959,-63.7876,38.68,93,100,1.14,CA,1683336358
39,puerto ayora,-0.7393,-90.3518,80.55,95,41,5.99,EC,1683336458
40,taro,-8.3862,115.28,77.0,91,76,3.91,ID,1683336459
41,qaqortoq,60.7167,-46.0333,34.65,74,13,1.95,GL,1683336459
42,punta arenas,-53.15,-70.9167,42.91,93,100,5.75,CL,1683336460
43,sivrihisar,39.4504,31.5341,51.98,79,67,9.84,TR,1683336460
44,pisco,-13.7,-76.2167,68.05,83,0,16.11,PE,1683336461
45,saurimo,-9.6608,20.3916,65.19,75,25,2.91,AO,1683336461
46,forster,-32.1667,152.5167,72.37,45,4,1.99,AU,1683336462
47,puerto natales,-51.7236,-72.4875,51.89,92,100,9.57,CL,1683336462
48,kone,-21.0595,164.8658,79.39,72,85,8.84,NC,1683336462
49,edinburgh of the seven seas,-37.0676,-12.3116,60.42,84,100,27.6,SH,1683336463
50,jamestown,42.097,-79.2353,49.64,71,0,6.91,US,1683336166
51,karratha,-20.7377,116.8463,81.01,30,100,12.41,AU,1683336464
52,tuy hoa,13.0833,109.3,88.81,59,100,4.32,VN,1683336464
53,lycksele,64.5954,18.6735,24.67,80,99,0.0,SE,1683336464
54,arraial do cabo,-22.9661,-42.0278,74.64,81,0,8.37,BR,1683336381
55,adamstown,-25.066,-130.1015,73.76,72,100,18.43,PN,1683336465
56,carnarvon,-24.8667,113.6333,76.87,49,34,6.93,AU,1683336466
57,huarmey,-10.0681,-78.1522,73.65,83,11,8.61,PE,1683336466
58,boke,10.9409,-14.2967,77.67,78,91,2.64,GN,1683336467
59,isafjordur,66.0755,-23.124,42.55,99,100,0.94,IS,1683336467
60,srinagar,34.0833,74.8167,53.17,78,100,1.05,IN,1683336467
61,flagstaff,35.1981,-111.6513,54.52,43,40,17.27,US,1683336241
62,ouddorp,51.8117,3.9347,55.38,84,1,6.93,NL,1683336468
63,ilulissat,69.2167,-51.1,28.42,93,100,0.0,GL,1683336469
64,kapuskasing,49.4169,-82.4331,55.4,47,40,5.75,CA,1683336469
65,iqaluit,63.7506,-68.5145,31.73,86,100,25.32,CA,1683336469
66,bathsheba,13.2167,-59.5167,81.21,74,20,11.5,BB,1683336470
67,afaahiti,-17.75,-149.2833,85.87,84,100,19.48,PF,1683336196
68,tanaina,61.6269,-149.4281,52.61,42,20,11.5,US,1683336471
69,bilibino,68.0546,166.4372,25.11,77,98,3.44,RU,1683336471
70,horta,38.5333,-28.6333,63.01,96,100,13.0,PT,1683336413
71,mao,39.8885,4.2658,61.36,94,0,2.3,ES,1683336472
72,aasiaat,68.7098,-52.8699,23.27,91,100,3.15,GL,1683336473
73,malpica,43.3228,-8.8105,61.34,77,100,9.6,ES,1683336473
74,uturoa,-16.7333,-151.4333,82.36,78,93,19.69,PF,1683336474
75,altai,46.3722,96.2583,29.98,94,100,0.76,MN,1683336474
76,ushuaia,-54.8,-68.3,46.06,57,0,16.11,AR,1683336475
77,paramonga,-10.6667,-77.8333,72.32,84,48,7.72,PE,1683336475
78,bredasdorp,-34.5322,20.0403,55.26,91,88,5.39,ZA,1683336475
79,port lincoln,-34.7333,135.8667,55.26,57,92,14.47,AU,1683336476
80,west island,-12.1568,96.8225,80.58,89,100,10.36,CC,1683336476
81,babayevo,59.3936,35.9371,24.96,91,79,6.67,RU,1683336477
82,seaside,36.6111,-121.8516,59.72,79,75,11.5,US,1683336477
83,cidreira,-30.1811,-50.2056,68.22,96,100,8.55,BR,1683336418
84,boali,4.8005,18.1275,73.72,76,81,1.54,CF,1683336478
85,albany,42.6001,-73.9662,54.01,70,44,4.09,US,1683336478
86,san luis de la loma,17.2706,-100.8939,85.03,66,100,5.17,MX,1683336479
87,vila franca do campo,37.7167,-25.4333,63.01,95,100,10.27,PT,1683336479
88,pacific grove,36.6177,-121.9166,58.39,79,75,11.5,US,1683336207
89,dudinka,69.4058,86.1778,11.62,89,97,9.1,RU,1683336480
90,hailar,49.2,119.7,53.35,19,100,5.59,CN,1683336481
91,prince rupert,54.3161,-130.3201,46.49,92,100,2.3,CA,1683336455
92,port mathurin,-19.6833,63.4167,79.03,76,12,16.93,MU,1683336482
93,colby,39.3958,-101.0524,77.05,51,0,20.0,US,1683336483
94,valle de la pascua,9.2155,-66.0073,82.65,49,100,9.48,VE,1683336484
95,santiago de cao,-7.9589,-79.2392,73.53,78,40,5.75,PE,1683336484
96,okha,53.5739,142.9478,36.37,61,91,4.18,RU,1683336485
97,weno,7.4515,151.8468,87.75,74,100,9.22,FM,1683336486
98,floro,61.5996,5.0328,44.56,53,40,11.5,NO,1683336486
99,sandnessjoen,66.0217,12.6316,27.12,57,73,7.07,NO,1683336487
100,saipan,15.1355,145.701,88.5,100,40,20.71,MP,1683336487
101,hawaiian paradise park,19.5933,-154.9731,78.31,77,100,14.97,US,1683336488
102,shahrud,36.4182,54.9763,50.54,45,0,4.14,IR,1683336489
103,smithers,54.7804,-127.1743,68.32,42,40,17.27,CA,1683336489
104,serhiyivka,46.0272,30.3768,57.65,77,100,15.84,UA,1683336490
105,gadzhiyevo,69.2551,33.3362,27.28,93,100,7.85,RU,1683336490
106,longyearbyen,78.2186,15.6401,28.24,80,75,19.57,SJ,1683336491
107,port alfred,-33.5906,26.891,59.18,95,5,10.6,ZA,1683336491
108,holualoa,19.6228,-155.9522,78.64,72,75,14.97,US,1683336492
109,payakumbuh,-0.2202,100.6308,73.04,98,100,2.57,ID,1683336493
110,hermanus,-34.4187,19.2345,58.84,87,100,4.14,ZA,1683336493
111,whitehorse,60.7161,-135.0538,47.17,43,100,8.05,CA,1683336494
112,san rafael,-34.6177,-68.3301,55.54,65,100,1.14,AR,1683336495
113,colotlan,22.1,-103.2667,82.36,15,70,18.19,MX,1683336495
114,tsiombe,-25.3,45.4833,67.59,83,72,2.28,MG,1683336496
115,keflavik,64.0049,-22.5624,45.03,81,75,16.11,IS,1683336496
116,winnemucca,40.973,-117.7357,48.25,71,75,6.91,US,1683336497
117,pandan,14.0453,124.1694,83.98,74,40,8.34,PH,1683336497
118,rio preto da eva,-2.6994,-59.6997,74.08,98,34,2.66,BR,1683336498
119,minas de marcona,-15.2119,-75.1103,59.61,87,72,12.97,PE,1683336498
120,san patricio,28.017,-97.5169,82.17,81,100,14.09,US,1683336499
121,axim,4.8699,-2.2405,81.23,81,9,7.87,GH,1683336499
122,gaitania,3.0906,-75.6723,68.2,92,87,5.17,CO,1683336500
123,deqen,29.9618,90.7188,42.49,49,73,2.84,CN,1683336500
124,bontang,0.1333,117.5,81.45,83,100,5.01,ID,1683336501
125,shimoda,34.6667,138.95,77.11,73,60,21.21,JP,1683336501
126,mabaruma,8.2,-59.7833,75.72,84,96,4.5,GY,1683336502
127,rio grande,-32.035,-52.0986,67.5,97,100,9.55,BR,1683336502
128,biltine,14.5333,20.9167,84.33,10,18,5.48,TD,1683336507
129,georgetown,5.4112,100.3354,84.13,83,20,3.44,MY,1683336411
130,uliastay,47.7417,96.8444,39.96,48,100,2.82,MN,1683336508
131,peace river,56.2501,-117.286,75.51,18,75,16.11,CA,1683336508
132,geneina,13.45,22.45,79.79,12,69,6.8,SD,1683336509
133,fortuna,40.5982,-124.1573,54.66,88,100,5.01,US,1683336510
134,polyarnyy,69.1989,33.4478,28.53,92,100,7.2,RU,1683336510
135,kayangel,8.0823,134.7173,82.94,76,45,9.26,PW,1683336259
136,ha'il,27.5219,41.6907,68.02,30,0,0.0,SA,1683336512
137,nalut,30.3333,10.85,67.37,30,46,9.95,LY,1683336512
138,utete,-7.986,38.758,70.27,93,0,2.17,TZ,1683336513
139,lubartow,51.4603,22.6095,45.09,76,91,11.01,PL,1683336514
140,tshela,-4.9833,12.9333,73.04,99,100,0.49,CD,1683336514
141,tanumah,27.1,44.1333,75.52,18,2,9.42,SA,1683336515
142,howard springs,-12.497,131.047,86.83,81,100,9.69,AU,1683336515
143,new norfolk,-42.7826,147.0587,51.93,66,7,3.0,AU,1683336515
144,cabo san lucas,22.8909,-109.9124,84.51,30,40,3.44,MX,1683336469
145,avarua,-21.2078,-159.775,82.45,83,75,14.97,CK,1683336516
146,wewak,-3.5534,143.6268,84.47,74,99,5.23,PG,1683336517
147,amasra,41.7463,32.3863,53.94,91,100,7.74,TR,1683336517
148,luderitz,-26.6481,15.1594,55.36,80,7,8.34,NA,1683336518
149,antofagasta,-23.65,-70.4,56.48,78,2,1.86,CL,1683336518
150,muroto-misakicho,33.2833,134.15,68.56,85,100,15.21,JP,1683336519
151,saint-francois,46.4154,3.9054,49.44,100,100,1.14,FR,1683336519
152,pokrovsk,48.282,37.1758,49.8,94,73,9.71,UA,1683336520
153,fushun,41.8558,123.9233,62.31,24,96,19.84,CN,1683336520
154,charters towers,-20.1,146.2667,77.13,48,99,11.65,AU,1683336435
155,havre,49.5833,0.3333,55.17,88,0,6.91,FR,1683336521
156,stanley,54.868,-1.6985,48.79,94,47,0.0,GB,1683336521
157,honiara,-9.4333,159.95,84.99,75,100,4.9,SB,1683336522
158,mitchell,43.7094,-98.0298,71.58,49,20,8.05,US,1683336522
159,nikolayevsk-on-amure,53.1406,140.73,46.24,59,26,4.0,RU,1683336523
160,el reno,35.5323,-97.955,82.13,53,0,10.36,US,1683336523
161,rada tilly,-45.9333,-67.5333,66.69,42,0,11.5,AR,1683336524
162,aripuana,-9.1667,-60.6333,74.23,98,100,2.26,BR,1683336370
163,ostersund,63.1792,14.6357,34.25,40,99,8.05,SE,1683336525
164,qarshi,38.8667,65.8,51.62,93,20,6.91,UZ,1683336525
165,mejit,10.2753,170.8646,81.27,79,65,16.87,MH,1683336526
166,letlhakane,-21.4167,25.5833,64.27,38,0,4.34,BW,1683336530
167,ghat,24.9647,10.1728,72.99,18,6,2.24,LY,1683336530
168,ebaye,8.7748,167.7392,86.02,74,0,11.5,MH,1683336531
169,pangoa,-12.1167,-73.0,68.22,99,95,1.7,PE,1683336531
170,bonthe,7.5264,-12.505,73.4,91,100,8.34,SL,1683336532
171,katrineholm,58.9959,16.2072,31.73,82,5,3.67,SE,1683336532
172,solok,-0.7918,100.6593,76.15,99,100,2.75,ID,1683336533
173,ola,59.5833,151.2833,41.14,78,95,1.9,RU,1683336533
174,bridgeport,41.167,-73.2048,54.91,79,20,5.01,US,1683336510
175,badger,64.8,-147.5333,53.85,28,75,0.0,US,1683336534
176,broken hill,-31.95,141.4333,54.25,77,98,14.12,AU,1683336470
177,wenchang,30.904,118.4887,65.41,92,100,7.52,CN,1683336535
178,mana,5.6592,-53.7767,77.45,89,100,9.26,GF,1683336535
179,shiyan,32.6475,110.7781,58.57,80,100,9.75,CN,1683336536
180,palmer,42.1584,-72.3287,54.01,73,50,2.21,US,1683336536
181,damghan,36.1683,54.348,54.5,31,0,2.66,IR,1683336537
182,lata,40.1629,-8.3327,56.07,97,100,1.05,PT,1683336537
183,ambovombe,-25.1667,46.0833,68.4,80,88,2.1,MG,1683336538
184,meizhou,24.2977,116.1072,84.61,63,3,3.65,CN,1683336538
185,tolanaro,-25.0319,46.9987,73.47,88,20,4.61,MG,1683336539
186,kidal,18.4411,1.4078,89.38,14,0,6.17,ML,1683336539
187,east london,-33.0153,27.9116,65.8,81,0,11.79,ZA,1683336541
188,tsetserleg,47.475,101.4542,35.85,61,100,2.66,MN,1683336541
189,nova sintra,14.8667,-24.7167,69.39,79,3,27.18,CV,1683336542
190,sao jose da coroa grande,-8.8978,-35.1478,77.67,82,3,7.74,BR,1683336543
191,grand falls-windsor,48.9332,-55.6649,35.51,80,100,4.0,CA,1683336543
192,st. john's,47.5649,-52.7093,32.79,94,100,17.27,CA,1683336375
193,ca mau,9.1769,105.15,87.93,63,100,6.22,VN,1683336547
194,hamilton,39.1834,-84.5333,65.25,57,0,9.22,US,1683336549
195,tralee,52.2704,-9.7026,49.82,95,99,4.23,IE,1683336549
196,juneau,58.3019,-134.4197,49.21,76,100,6.91,US,1683336551
197,atafu village,-8.5421,-172.5159,84.63,74,97,14.41,TK,1683336552
198,saint-jean-de-maurienne,45.1667,6.5833,38.25,86,85,2.3,FR,1683336553
199,priozersk,61.0393,30.1291,32.09,83,25,5.79,RU,1683336554
200,buckhannon,38.994,-80.232,56.28,61,0,0.0,US,1683336555
201,nabire,-3.3667,135.4833,82.98,79,100,5.3,ID,1683336556
202,nigde,37.8333,34.75,48.92,67,35,19.26,TR,1683336557
203,lebu,-37.6167,-73.65,53.19,92,11,11.25,CL,1683336557
204,ta`u,-14.2336,-169.5144,80.1,81,93,16.82,AS,1683336558
205,bouake,7.6895,-5.0218,74.84,82,66,5.3,CI,1683336559
206,aoulef,26.9667,1.0833,86.61,12,5,13.53,DZ,1683336560
207,lihue,21.9789,-159.3672,81.64,68,100,17.27,US,1683336280
208,kruisfontein,-34.0033,24.7314,53.89,80,1,6.76,ZA,1683336562
209,lospalos,-8.5186,127.0025,79.02,77,90,10.76,TL,1683336563
210,poyang,28.9924,116.6675,69.51,90,100,10.58,CN,1683336563
211,khemisset,33.6667,-6.25,57.7,93,29,1.16,MA,1683336564
212,bamboo flat,11.7,92.7167,83.75,74,100,4.5,IN,1683336565
213,aswan,24.0934,32.907,79.9,18,0,6.91,EG,1683336566
214,hammerfest,70.6634,23.6821,36.05,87,100,14.97,NO,1683336567
215,kavaratti,10.5669,72.642,83.59,68,76,7.31,IN,1683336567
216,pingliang,35.5392,106.6861,56.97,60,75,12.24,CN,1683336568
217,vernon,50.2581,-119.2691,64.29,75,100,2.3,CA,1683336569
218,talnakh,69.4865,88.3972,11.21,91,100,12.8,RU,1683336569
219,aykhal,66.0,111.5,32.54,100,100,11.54,RU,1683336570
220,barbacoas,1.6715,-78.1398,78.17,92,100,1.61,CO,1683336570
221,bandrele,-12.9067,45.1914,74.95,94,0,6.91,YT,1683336571
222,senanga,-16.1167,23.2667,58.51,55,6,4.27,ZM,1683336572
223,katoomba,-33.7198,150.3074,57.07,31,70,2.59,AU,1683336289
224,igarka,67.4667,86.5833,28.29,93,100,11.86,RU,1683336573
225,labytnangi,66.6572,66.4183,24.31,85,5,7.87,RU,1683336575
226,brookings,44.3114,-96.7984,68.18,64,0,11.5,US,1683336339
227,codrington,-38.2667,141.9667,52.07,61,98,11.59,AU,1683336576
228,el granada,37.5027,-122.4694,60.24,83,100,11.5,US,1683336577
229,fuglafjordur,62.244,-6.814,45.07,96,100,24.27,FO,1683336577
230,marau,-28.4492,-52.2,64.15,99,100,2.91,BR,1683336578
231,vilyuchinsk,52.9306,158.4028,44.87,92,100,3.69,RU,1683336579
232,ketchikan,55.3422,-131.6461,50.47,81,100,4.61,US,1683336579
233,helena valley southeast,46.6153,-111.9216,61.2,63,0,9.22,US,1683336580
234,isangel,-19.55,169.2667,84.31,84,75,4.61,VU,1683336580
235,sao gabriel,-30.3364,-54.32,65.84,98,100,13.82,BR,1683336581
236,amursk,50.2261,136.8994,50.61,39,82,1.43,RU,1683336581
237,mori,34.8333,137.9333,74.25,68,100,10.56,JP,1683336413
238,vila velha,-20.3297,-40.2925,73.94,94,40,2.3,BR,1683336582
239,mili,6.0815,171.735,82.58,80,52,12.17,MH,1683336582
240,khandyga,62.6667,135.6,37.33,82,72,6.35,RU,1683336583
241,tughyl,47.7252,84.2063,43.72,58,62,5.14,KZ,1683336583
242,usinsk,65.9939,57.5281,28.04,90,8,3.06,RU,1683336584
243,nakama,33.8167,130.7,71.15,93,100,5.99,JP,1683336584
244,yuzhno-kurilsk,44.0306,145.8556,37.11,97,100,9.33,RU,1683336585
245,belyy yar,53.6039,91.3903,48.09,46,0,4.47,RU,1683336585
246,tchintabaraden,15.8969,5.7985,84.67,29,34,2.55,NE,1683336586
247,tsarevo,42.1667,27.85,51.82,87,89,7.85,BG,1683336586
248,kyzylorda,44.8528,65.5092,53.62,26,0,15.66,KZ,1683336586
249,zwedru,6.0667,-8.1281,74.08,97,93,2.62,LR,1683336587
250,makhambet,47.6667,51.5833,55.02,25,6,8.81,KZ,1683336587
251,jinghong,21.991,100.7341,87.15,43,7,1.28,CN,1683336588
252,henderson,36.0397,-114.9819,73.65,21,0,16.11,US,1683336588
253,enewetak,11.3474,162.3373,81.21,78,100,15.21,MH,1683336589
254,filadelfia,39.9523,-75.1638,57.7,80,40,5.75,US,1683336381
255,mersa matruh,31.3525,27.2453,61.0,88,0,10.36,EG,1683336590
256,college,64.8569,-147.8028,53.92,33,40,0.0,US,1683336590
257,ust'-ilimsk,58.0006,102.6619,43.74,96,100,9.08,RU,1683336590
258,gamba,-2.65,10.0,76.48,94,100,3.47,GA,1683336591
259,nadi,-17.8,177.4167,84.2,74,40,10.36,FJ,1683336591
260,isla vista,34.4133,-119.861,62.83,74,75,12.66,US,1683336592
261,ulladulla,-35.35,150.4667,61.77,46,31,2.26,AU,1683336592
262,barra de santo antonio,-9.4047,-35.5072,76.28,82,13,8.12,BR,1683336593
263,petropavlovsk-kamchatsky,53.0452,158.6483,43.39,61,75,8.95,RU,1683336593
264,yarmouth,41.7057,-70.2286,49.01,80,0,4.0,US,1683336594
265,mount pearl,47.5166,-52.7813,31.96,94,100,17.27,CA,1683336594
266,lae,-6.7221,146.9847,86.67,59,51,5.17,PG,1683336594
267,thunder bay,48.4001,-89.3168,44.58,81,100,16.11,CA,1683336532
268,remire-montjoly,4.9167,-52.2667,80.64,83,75,4.61,GF,1683336598
269,pedra azul,-16.0053,-41.2972,64.4,88,7,3.2,BR,1683336599
270,ulsteinvik,62.3432,5.8487,43.75,55,100,5.99,NO,1683336599
271,argo,37.6333,22.7333,64.78,74,100,5.82,GR,1683336600
272,christchurch,-43.5333,172.6333,69.33,60,100,4.61,NZ,1683336557
273,posto fiscal rolim de moura,-13.0833,-62.2667,73.45,96,96,1.9,BR,1683336601
274,alofi,-19.0595,-169.9187,78.69,83,100,12.66,NU,1683336606
275,magadi,12.9667,77.2333,72.57,80,100,5.5,IN,1683336607
276,kobelyaky,49.1489,34.1965,45.09,87,18,8.63,UA,1683336608
277,chinde,26.8418,88.0763,70.2,51,0,3.33,NP,1683336609
278,nago,26.5881,127.9761,81.45,81,100,14.16,JP,1683336609
279,al hazm,16.1641,44.7769,77.29,55,80,7.52,YE,1683336610
280,caleta de carquin,-11.0925,-77.6267,72.21,83,52,8.63,PE,1683336611
281,port elizabeth,-33.918,25.5701,59.31,96,37,4.61,ZA,1683336612
282,kibaha,-6.7667,38.9167,69.22,96,0,4.25,TZ,1683336612
283,ressano garcia,-25.442,31.9913,64.0,95,0,1.66,MZ,1683336613
284,palikir - national government center,6.9248,158.1611,86.85,79,100,11.5,FM,1683336614
285,callao,-12.0667,-77.15,71.89,78,0,11.5,PE,1683336615
286,arno,60.1167,18.6333,36.79,79,11,5.86,SE,1683336615
287,revda,56.801,59.9303,53.64,45,97,7.09,RU,1683336616
288,la'ie,21.6477,-157.9253,84.16,76,2,10.0,US,1683336617
289,jayapura,-2.5333,140.7,85.39,62,27,4.68,ID,1683336617
290,kuala belait,4.5833,114.1833,86.16,73,100,6.31,BN,1683336620
291,salinopolis,-0.6136,-47.3561,78.57,88,38,8.93,BR,1683336621
292,maxixe,-23.8597,35.3472,68.67,86,2,2.62,MZ,1683336622
293,ibipeba,-11.6408,-42.0111,67.75,83,0,5.32,BR,1683336623
294,shenjiamen,29.9576,122.298,63.37,93,100,8.61,CN,1683336624
295,serres,41.0856,23.5497,55.83,90,7,1.99,GR,1683336624
296,dwarka,22.2394,68.9678,80.49,77,10,8.5,IN,1683336625
297,rawson,-43.3002,-65.1023,63.03,41,46,23.06,AR,1683336626
298,molchanovo,57.5817,83.7692,57.51,77,92,3.18,RU,1683336627
299,constitucion,-35.3333,-72.4167,53.89,74,0,1.9,CL,1683336628
300,zivinice,44.4494,18.6497,43.02,100,0,2.3,BA,1683336629
301,mermoz boabab,14.7065,-17.4758,74.98,78,0,13.8,SN,1683336464
302,rongelap,11.1635,166.8941,81.48,76,12,15.99,MH,1683336630
303,plettenberg bay,-34.0527,23.3716,59.11,82,46,7.54,ZA,1683336630
304,kerema,-7.9631,145.7785,84.92,69,100,6.11,PG,1683336631
305,zahedan,29.4963,60.8629,58.91,47,0,9.22,IR,1683336632
306,flying fish cove,-10.4217,105.6791,80.28,89,100,5.75,CX,1683336633
307,ugoofaaru,5.6667,73.0,83.1,76,99,15.95,MV,1683336633
308,nar'yan-mar,67.6713,53.087,22.59,93,95,7.56,RU,1683336634
309,port saint john's,-31.6229,29.5448,65.34,85,0,7.85,ZA,1683336635
310,linhai,28.85,121.1167,73.92,80,100,2.51,CN,1683336635
311,kailua-kona,19.6406,-155.9956,82.36,72,75,14.97,US,1683336508
312,rio viejo,8.5874,-73.839,83.21,66,100,1.7,CO,1683336636
313,alice springs,-23.7,133.8833,67.55,32,91,12.66,AU,1683336637
314,illizi,26.4833,8.4667,75.0,15,2,9.04,DZ,1683336637
315,ashland,40.8167,-82.2665,57.74,68,100,6.2,US,1683336459
316,copala,16.65,-98.9833,83.73,73,100,6.35,MX,1683336638
317,dinahican,14.7167,121.7167,84.06,68,13,4.45,PH,1683336639
318,mega,4.05,38.3,58.01,81,14,7.54,ET,1683336639
319,matoury,4.8483,-52.3317,80.56,83,75,4.61,GF,1683336640
320,darfo boario terme,45.8835,10.1807,64.74,82,97,4.5,IT,1683336641
321,colonia,50.9333,6.95,53.85,92,98,1.14,DE,1683336642
322,paita,-5.0892,-81.1144,76.82,79,35,14.23,PE,1683336642
323,constantia,44.1833,28.65,54.7,78,8,13.8,RO,1683336643
324,naze,28.3667,129.4833,76.12,86,100,15.46,JP,1683336643
325,kudahuvadhoo,2.6708,72.8944,83.82,74,100,17.87,MV,1683336644
326,ianca,45.1333,27.45,53.06,80,12,13.04,RO,1683336644
327,kavieng,-2.5744,150.7967,85.21,69,99,8.97,PG,1683336645
328,rikaze,29.25,88.8833,46.06,35,0,1.59,CN,1683336645
329,pascagoula,30.3658,-88.5561,69.84,96,40,5.75,US,1683336367
330,parauna,-16.9478,-50.4486,69.22,72,0,2.84,BR,1683336646
331,cruzeiro,-22.5761,-44.9628,65.61,98,37,0.45,BR,1683336647
332,sao luiz gonzaga,-28.4083,-54.9608,66.45,98,100,1.41,BR,1683336647
333,itoman,26.1247,127.6694,81.37,78,75,21.85,JP,1683336648
334,kalemie,-5.9475,29.1947,68.99,89,63,1.77,CD,1683336648
335,la passe,45.5549,-0.8967,55.63,87,96,8.28,FR,1683336648
336,mocimboa,-11.3167,40.35,71.26,88,0,6.22,MZ,1683336649
337,karachi,24.9056,67.0822,78.62,83,0,8.05,PK,1683336615
338,kolwezi,-10.7148,25.4667,54.66,86,11,4.47,CD,1683336650
339,saint croix,17.7397,-64.7388,77.45,82,0,3.44,VI,1683336650
340,luorong,24.4058,109.6086,86.76,69,50,10.13,CN,1683336651
341,jose pedro varela,-33.45,-54.5333,60.96,97,100,13.31,UY,1683336651
342,asaita,11.5636,41.4394,85.59,57,22,1.01,ET,1683336651
343,itaituba,-4.2761,-55.9836,74.07,99,78,1.68,BR,1683336652
344,innoshima,34.2833,133.1833,71.37,85,99,3.53,JP,1683336652
345,port blair,11.6667,92.75,84.85,71,100,5.12,IN,1683336653
346,geraldton,-28.7667,114.6,63.01,82,75,23.02,AU,1683336653
347,comodoro rivadavia,-45.8667,-67.5,66.06,42,0,11.5,AR,1683336654
348,lai chau,22.3997,103.4517,86.65,43,4,4.45,VN,1683336654
349,akobo,7.4344,3.9497,72.27,93,55,2.89,NG,1683336654
350,yamada,39.4667,141.95,62.31,83,100,8.63,JP,1683336655
351,soe,-9.8607,124.284,76.98,67,44,5.95,ID,1683336655
352,sen monorom,12.45,107.2,86.36,52,100,4.47,KH,1683336656
353,martapura,-3.4167,114.85,86.09,79,20,5.75,ID,1683336656
354,murrells inlet,33.551,-79.0414,67.05,71,0,3.44,US,1683336361
355,napili-honokowai,20.9708,-156.6705,79.72,90,100,23.09,US,1683336657
356,hasaki,35.7333,140.8333,78.22,64,17,33.93,JP,1683336657
357,san antonio de pale,-1.4014,5.6325,81.97,79,28,10.58,GQ,1683336658
358,kunyang,27.6658,120.5658,68.72,95,100,3.44,CN,1683336658
359,letlhakeng,-24.0944,25.0298,67.75,39,8,7.34,BW,1683336659
360,dolbeau-mistassini,48.8763,-72.212,57.85,76,100,6.11,CA,1683336659
361,portland,45.5234,-122.6762,58.55,77,100,5.99,US,1683336448
362,genhe,50.7833,121.5167,54.0,23,9,4.12,CN,1683336660
363,qarazhal,48.0078,70.7903,56.64,33,0,12.59,KZ,1683336660
364,waddan,29.1614,16.139,62.13,55,83,2.95,LY,1683336661
365,tarawa,1.419,172.984,87.89,70,40,5.75,KI,1683336662
366,mil'kovo,55.6078,37.7956,30.69,69,0,8.72,RU,1683336662
367,faya-largeau,17.9257,19.1043,82.9,15,0,14.34,TD,1683336663
368,laojunmiao,39.8333,97.7333,42.57,31,63,13.87,CN,1683336664
369,langsa,4.4683,97.9683,81.77,82,100,2.82,ID,1683336665
370,camana,-16.6228,-72.7111,67.69,87,79,9.33,PE,1683336668
371,tabou,4.423,-7.3528,79.81,85,46,6.02,CI,1683336669
372,antsiranana,-12.2787,49.2917,72.84,84,0,6.93,MG,1683336669
373,smidovich,48.6,133.8167,55.98,36,12,5.59,RU,1683336670
374,westport,41.1415,-73.3579,54.73,79,20,5.01,US,1683336607
375,mount isa,-20.7333,139.5,83.97,24,84,6.91,AU,1683336648
376,dalbandin,28.8947,64.4101,74.55,27,31,4.65,PK,1683336671
377,gulf shores,30.246,-87.7008,70.34,70,100,11.99,US,1683336594
378,heihe,50.2441,127.4902,57.78,30,28,12.12,CN,1683336672
379,papao,-17.75,-149.55,87.48,83,100,21.39,PF,1683336673
380,rapar,23.5667,70.6333,82.02,65,19,8.39,IN,1683336674
381,hafnarfjordur,64.0671,-21.9377,44.98,81,75,4.61,IS,1683336675
382,bobo-dioulasso,11.1771,-4.2979,83.88,45,33,3.65,BF,1683336676
383,nizao,18.25,-70.2,83.46,78,9,7.0,DO,1683336677
384,aconibe,1.2968,10.9369,68.04,99,100,2.37,GQ,1683336677
385,revelstoke,50.9832,-118.2023,68.02,56,75,13.8,CA,1683336678
386,detva,48.5608,19.4195,50.72,92,99,2.42,SK,1683336678
387,lompoc,34.6391,-120.4579,62.69,72,20,9.22,US,1683336436
388,baraki barak,33.9675,68.9486,54.54,64,0,1.88,AF,1683336680
389,usogorsk,63.4106,48.6872,31.46,86,100,9.71,RU,1683336680
390,mora,11.0461,14.1401,85.57,23,17,3.18,CM,1683336681
391,tanout,14.9709,8.8879,84.33,11,5,7.4,NE,1683336681
392,prince george,53.9166,-122.753,59.77,84,100,2.91,CA,1683336496
393,lazaro cardenas,17.9583,-102.2,81.18,76,99,3.62,MX,1683336683
394,sisimiut,66.9395,-53.6735,30.56,84,100,1.59,GL,1683336684
395,tuba city,36.135,-111.2399,59.54,23,52,23.58,US,1683336684
396,goronyo,13.4423,5.6763,86.41,37,8,7.02,NG,1683336685
397,konch,25.9833,79.15,87.22,31,0,2.46,IN,1683336686
398,calvinia,-31.4707,19.776,49.41,54,97,3.69,ZA,1683336686
399,tura,25.5198,90.2201,79.95,65,0,5.32,IN,1683336688
400,kemijarvi,66.7131,27.4306,20.08,100,86,2.04,FI,1683336689
401,santa barbara,34.7333,-120.0343,55.83,63,75,11.5,US,1683336690
402,zhlobin,52.8926,30.024,29.8,71,1,6.73,BY,1683336690
403,kyren,51.6828,102.1408,48.54,36,64,2.73,RU,1683336691
404,andovoranto,-18.95,49.1,69.67,91,6,4.36,MG,1683336692
405,dunedin,-45.8742,170.5036,71.08,41,0,2.86,NZ,1683336590
406,morehead city,34.7229,-76.726,68.0,75,0,1.99,US,1683336693
407,paulo afonso,-9.4061,-38.2147,71.46,95,25,5.48,BR,1683336693
408,nagqu,31.5,92.0,33.85,51,95,15.88,CN,1683336693
409,hadibu,12.65,54.0333,82.89,78,100,6.08,YE,1683336694
410,kapa'a,22.0752,-159.319,82.38,68,100,17.27,US,1683336694
411,trincomalee,8.5711,81.2335,79.86,81,100,11.34,LK,1683336695
412,vryburg,-26.9566,24.7284,63.75,53,87,6.96,ZA,1683336695
413,cajamarca,-7.1638,-78.5003,54.39,87,19,4.94,PE,1683336696
414,san sebastian,43.3128,-1.975,58.33,81,0,2.3,ES,1683336696
415,kharabali,47.4196,47.2568,55.76,82,71,5.97,RU,1683336697
416,pindushi,62.9152,34.58,29.26,72,100,5.5,RU,1683336697
417,lake havasu city,34.4839,-114.3224,80.22,20,0,4.0,US,1683336582
418,upata,8.0086,-62.3989,77.2,76,95,8.95,VE,1683336698
419,terra rica,-22.7094,-52.6169,68.32,79,21,3.29,BR,1683336698
420,howrah,22.5892,88.3103,84.2,74,75,4.61,IN,1683336699
421,port hueneme,34.1478,-119.1951,63.32,69,75,10.36,US,1683336700
422,tofol,5.3248,163.0078,89.38,70,75,14.97,FM,1683336700
423,rundu,-17.9333,19.7667,59.76,52,3,3.27,NA,1683336701
424,okhotsk,59.3833,143.3,39.74,71,24,2.37,RU,1683336701
425,gargalianoi,37.0667,21.6333,58.35,76,6,5.61,GR,1683336702
426,mandalgovi,45.7625,106.2708,44.8,30,76,15.9,MN,1683336702
427,phan rang-thap cham,11.5667,108.9833,92.57,51,98,5.19,VN,1683336702
428,ulysses,37.5814,-101.3552,80.89,11,0,17.27,US,1683336703
429,porirua,-41.1333,174.85,67.35,75,100,5.99,NZ,1683336509
430,ifon,6.9241,5.776,73.24,96,100,2.35,NG,1683336704
431,nhamunda,-2.1861,-56.7131,74.53,96,54,1.34,BR,1683336704
432,murghob,38.1702,73.9667,24.96,43,93,2.93,TJ,1683336705
433,chocope,-7.7914,-79.2217,72.45,76,35,3.89,PE,1683336705
434,midvagur,62.0511,-7.1939,45.43,93,100,23.02,FO,1683336706
435,tazovsky,67.4667,78.7,26.26,96,93,10.47,RU,1683336706
436,barras,-4.2444,-42.2944,74.1,92,52,2.68,BR,1683336448
437,coquimbo,-29.9533,-71.3436,55.13,82,0,4.61,CL,1683336609
438,cambridge,43.3601,-80.3127,52.11,70,0,5.75,CA,1683336682
439,kununurra,-15.7667,128.7333,87.78,33,57,9.22,AU,1683336708
440,lerwick,60.1545,-1.1494,46.4,87,100,28.45,GB,1683336708
441,beruniy,41.6911,60.7525,51.76,93,0,6.91,UZ,1683336709
442,bihac,44.8169,15.8708,53.13,90,77,2.15,BA,1683336709
443,severoural'sk,60.1533,59.952,48.06,95,100,5.23,RU,1683336710
444,vadso,70.0744,29.7487,34.68,86,75,11.5,NO,1683336713
445,chilliwack,49.1747,-121.9443,53.91,94,100,4.61,CA,1683336682
446,qarqaraly,49.4058,75.4742,54.79,39,4,6.06,KZ,1683336714
447,balabac,7.9868,117.0645,78.39,89,100,9.66,PH,1683336714
448,plastun,44.7561,136.2939,50.41,52,7,6.53,RU,1683336715
449,zharkent,44.1628,80.0,50.47,23,0,14.41,KZ,1683336715
450,daru,-9.0763,143.2092,80.38,88,100,13.67,PG,1683336716
451,thorold,43.1168,-79.1996,52.36,84,20,4.61,CA,1683336697
452,heroica guaymas,27.9333,-110.9,82.89,32,0,12.66,MX,1683336581
453,magadan,59.5667,150.8,40.53,77,93,2.08,RU,1683336717
454,nchelenge,-9.3451,28.734,64.96,83,0,6.51,ZM,1683336717
455,st. catharines,43.1668,-79.2496,53.06,86,20,4.61,CA,1683336588
456,roma,43.2128,-75.4557,52.95,89,20,0.0,US,1683336462
457,buta,2.7858,24.73,67.32,96,72,1.16,CD,1683336719
458,dzuunharaa,48.8523,106.4579,46.69,36,2,4.54,MN,1683336719
459,deyang,31.1302,104.382,75.42,46,67,6.26,CN,1683336720
460,olinda,-8.0089,-34.8553,82.13,69,75,8.05,BR,1683336661
461,arta,39.1606,20.9853,55.04,79,5,5.19,GR,1683336605
462,puerto deseado,-47.7503,-65.8938,57.18,61,2,22.97,AR,1683336721
463,tambacounda,13.7539,-13.7586,91.45,43,0,11.5,SN,1683336721
464,sinabang,2.4803,96.3801,81.79,78,90,3.94,ID,1683336722
465,gulf breeze,30.3571,-87.1639,70.11,90,75,24.16,US,1683336723
466,kittila,67.6647,24.8936,26.74,86,0,2.3,FI,1683336724
467,antalaha,-14.9003,50.2788,72.54,87,5,6.29,MG,1683336724
468,mersing,2.4312,103.8405,76.91,100,40,4.61,MY,1683336725
469,newman,37.3138,-121.0208,67.28,70,100,1.99,US,1683336725
470,nemuro,43.3236,145.575,37.78,94,100,19.1,JP,1683336726
471,ust-nera,64.5667,143.2,33.62,62,90,10.51,RU,1683336727
472,sihanoukville,10.6093,103.5296,85.95,84,40,1.14,KH,1683336727
473,kerikeri,-35.2268,173.9474,63.66,94,100,7.4,NZ,1683336728
474,caraballeda,10.6112,-66.8522,78.87,73,78,6.91,VE,1683336728
475,kyshtovka,56.555,76.6271,60.62,38,94,5.86,RU,1683336729
476,leo,11.1,-2.1,85.5,42,40,3.85,BF,1683336729
477,ikere-ekiti,7.4913,5.2322,71.53,98,26,2.75,NG,1683336730
478,chelsea,51.4875,-0.1694,54.12,90,100,3.44,GB,1683336731
479,mount gambier,-37.8333,140.7667,51.85,59,81,8.84,AU,1683336731
480,kill devil hills,36.0307,-75.676,58.98,79,75,5.75,US,1683336700
481,zaporizhia,47.8167,35.1833,52.7,88,12,10.49,UA,1683336733
482,laguna,38.421,-121.4238,64.06,60,100,13.8,US,1683336733
483,haiku-pauwela,20.9219,-156.3051,77.02,77,40,26.46,US,1683336734
484,libreville,0.3925,9.4537,76.98,90,100,4.34,GA,1683336735
485,queenstown,-31.8976,26.8753,52.81,50,17,4.63,ZA,1683336735
486,nagar karnul,16.4821,78.3247,81.27,66,90,5.46,IN,1683336736
487,patong,7.8961,98.2966,90.01,99,100,12.24,TH,1683336737
488,ratlam,23.3167,75.0667,83.53,40,90,10.87,IN,1683336738
489,kem',64.9555,34.5793,14.88,95,63,5.73,RU,1683336738
490,dalandzadgad,43.5708,104.425,49.48,33,33,11.77,MN,1683336739
491,desaguadero,-16.5656,-69.0417,41.92,87,93,3.91,PE,1683336740
492,marka,1.7159,44.7717,79.72,80,77,13.62,SO,1683336740
493,tucurui,-3.7661,-49.6725,74.3,95,24,2.53,BR,1683336741
494,ulan-ude,51.8261,107.6098,44.49,52,13,4.47,RU,1683336741
495,nadym,65.5333,72.5167,34.7,75,49,11.32,RU,1683336742
496,happy valley-goose bay,53.3168,-60.3315,37.71,52,75,11.5,CA,1683336742
497,chitipa,-9.7024,33.2697,57.49,98,57,3.62,MW,1683336743
498,nyurba,63.2842,118.3319,34.81,99,100,10.07,RU,1683336744
499,mayahi,13.9553,7.6712,81.7,26,28,2.8,NE,1683336744
500,lewiston orchards,46.3804,-116.9754,57.11,72,20,5.75,US,1683336745
501,aberdeen,57.1437,-2.0981,46.89,100,100,1.14,GB,1683336668
502,nishinoomote,30.7333,131.0,72.16,94,75,14.97,JP,1683336747
503,lliria,39.6333,-0.6,62.33,85,20,3.44,ES,1683336747
504,piti village,13.4626,144.6933,88.68,72,40,14.97,GU,1683336748
505,la ronge,55.1001,-105.2842,59.25,31,20,11.5,CA,1683336749
506,ancud,-41.8697,-73.8203,51.06,94,20,2.37,CL,1683336750
507,nova vicosa,-17.8919,-39.3719,75.02,82,16,7.18,BR,1683336751
508,pimentel,-6.8367,-79.9342,77.29,78,40,9.22,PE,1683336751
509,withernsea,53.7311,0.0335,53.85,94,14,6.4,GB,1683336752
510,khorugh,37.4897,71.553,45.5,52,100,0.74,TJ,1683336753
511,ciudad lazaro cardenas,17.9583,-102.2,82.74,71,98,6.46,MX,1683336547
512,letterkenny,54.95,-7.7333,51.19,97,100,2.91,IE,1683336669
513,atbasar,51.8,68.3333,57.61,27,4,3.78,KZ,1683336754
514,maramba,-5.05,38.6167,61.9,95,15,3.22,TZ,1683336754
515,boguchany,58.3814,97.4531,48.34,92,100,8.48,RU,1683336755
516,art khwajah,37.0857,69.4796,55.18,82,100,7.72,AF,1683336758
517,nyazepetrovsk,56.0531,59.6028,50.99,48,94,5.01,RU,1683336759
518,seminole,28.7086,-81.2081,76.21,68,0,3.44,US,1683336760
519,lalibela,12.0333,39.0333,64.33,62,93,0.98,ET,1683336760
520,namibe,-15.1961,12.1522,71.04,81,85,4.21,AO,1683336761
521,shakiso,5.75,38.9167,56.62,98,59,1.07,ET,1683336761
522,malvan,16.0667,73.4667,80.17,72,87,4.74,IN,1683336761
523,ghanzi,-21.5667,21.7833,65.59,37,11,10.8,BW,1683336762
524,nica,43.7031,7.2661,64.36,80,75,3.44,FR,1683336762
525,pokhara,28.2333,83.9833,70.97,44,6,2.71,NP,1683336472
526,piacabucu,-10.4056,-36.4344,76.23,88,2,6.2,BR,1683336764
527,plast,54.3691,60.8136,53.42,40,89,6.06,RU,1683336764
528,missoula,47.0166,-113.8009,53.65,60,100,2.86,US,1683336765
529,san juan,-31.5375,-68.5364,61.38,45,3,4.74,AR,1683336485
530,wakkanai,45.4094,141.6739,48.18,66,20,11.5,JP,1683336766
531,tidjikja,18.5564,-11.4271,83.98,16,12,10.13,MR,1683336766
532,molfetta,41.2002,16.5975,56.68,82,0,4.61,IT,1683336767
533,worland,44.0169,-107.9554,65.88,27,0,20.71,US,1683336767
534,selfoss,63.9331,-20.9971,42.04,85,100,6.64,IS,1683336767
535,watsa,3.0372,29.5355,64.15,85,98,2.73,CD,1683336768
536,sheridan,44.8333,-106.9173,62.02,46,75,10.36,US,1683336768
537,inari,68.906,27.0288,28.6,90,97,4.07,FI,1683336510
538,hilo,19.7297,-155.09,78.53,73,100,14.97,US,1683336769
